{
  "homography": [
    [
      -0.03427905563425053,
      2.411489961312351,
      -475.31910406480984
    ],
    [
      1.633207442506424,
      0.06284923651584871,
      -1005.8801918075513
    ],
    [
      -0.00010967861955175802,
      0.0014687956164891566,
      1.0
    ]
  ],
  "table_z": 145.4,
  "pick_z": 155.4,
  "safe_z": 185.0,
  "travel_speed_us": 700,
  "approach_speed_us": 2400,
  "grip_open_s": 140,
  "grip_close_s": 255,
  "cube_height_mm": 20.0,
  "cube_top_homography": [
    [
      0.02406204190960027,
      2.396241551816098,
      -490.89130784715246
    ],
    [
      1.6077923059206227,
      -0.008367307906841108,
      -961.212342298306
    ],
    [
      -0.00010967861955175802,
      0.0014687956164891566,
      1.0
    ]
  ],
  "bundle_homography": [
    [
      0.05073374068239115,
      2.4812367906138757,
      -537.8721167805061
    ],
    [
      1.6760749390777017,
      -0.04771383195507199,
      -996.490990571728
    ],
    [
      -0.00010967861955175802,
      0.0014687956164891566,
      1.0
    ]
  ],
  "raw_marker_observations": {
    "0": {
      "pixel": [
        403.93817138671875,
        235.2684783935547
      ],
      "corners": [
        [
          386.7212219238281,
          221.37930297851562
        ],
        [
          427.73291015625,
          220.7739715576172
        ],
        [
          421.2650146484375,
          249.40431213378906
        ],
        [
          380.03350830078125,
          249.51634216308594
        ]
      ],
      "robot": [
        52.0,
        -258.6
      ]
    },
    "1": {
      "pixel": [
        857.5448608398438,
        231.1023712158203
      ],
      "corners": [
        [
          834.5979614257812,
          217.68231201171875
        ],
        [
          872.061767578125,
          217.4781951904297
        ],
        [
          880.873779296875,
          244.34475708007812
        ],
        [
          842.64599609375,
          244.9042510986328
        ]
      ],
      "robot": [
        39.0,
        318.9
      ]
    },
    "2": {
      "pixel": [
        461.1568603515625,
        312.03961181640625
      ],
      "corners": [
        [
          441.6518249511719,
          295.4027099609375
        ],
        [
          485.23358154296875,
          294.80206298828125
        ],
        [
          481.33758544921875,
          328.4599609375
        ],
        [
          436.40447998046875,
          329.4937438964844
        ]
      ],
      "robot": [
        188.4,
        -161.3
      ]
    },
    "3": {
      "pixel": [
        747.9328002929688,
        304.13226318359375
      ],
      "corners": [
        [
          724.2921752929688,
          289.185302734375
        ],
        [
          765.1088256835938,
          287.5852355957031
        ],
        [
          772.6064453125,
          318.2354736328125
        ],
        [
          729.7239379882812,
          321.52301025390625
        ]
      ],
      "robot": [
        177.2,
        181.5
      ]
    }
  },
  "cam_xy_robot": null,
  "cam_height_mm": null,
  "color_ranges": {},
  "workspace_hull_px": [
    [
      857.5448608398438,
      231.1023712158203
    ],
    [
      747.9328002929688,
      304.13226318359375
    ],
    [
      461.1568603515625,
      312.03961181640625
    ],
    [
      403.93817138671875,
      235.2684783935547
    ]
  ]
}
